Time(s),FPS,PosX,PosY,PosZ,RotX,RotY,RotZ,VelX,VelY,VelZ,DirX,DirY,DirZ
-0.2076,0.00,0.0000,5.0000,0.0000,0.0000,0.0000,0.0000,0.0000,0.0000,0.0000,0.0000,0.0000,1.0000
-0.1876,0.00,0.0000,4.9964,0.0000,-0.0003,0.0000,0.0000,0.0000,-0.1809,0.0001,0.0000,0.0000,1.0000
-0.1676,0.00,0.0000,4.9892,0.0000,-0.0008,0.0001,-0.0001,0.0000,-0.3612,0.0001,0.0000,0.0000,1.0000
-0.1476,0.00,0.0000,4.9783,0.0000,-0.0016,0.0001,-0.0001,0.0000,-0.5408,0.0002,0.0000,0.0000,1.0000
-0.1276,0.00,0.0000,4.9639,0.0000,-0.0027,0.0002,-0.0002,0.0000,-0.7198,0.0002,0.0000,0.0000,1.0000
-0.1076,0.00,0.0000,4.9460,0.0000,-0.0040,0.0003,-0.0003,0.0000,-0.8980,0.0003,0.0000,0.0001,1.0000
-0.0876,0.00,0.0000,4.9245,0.0000,-0.0056,0.0004,-0.0005,0.0000,-1.0757,0.0003,0.0000,0.0001,1.0000
-0.0676,0.00,0.0000,4.8994,0.0000,359.9925,0.0005,-0.0006,0.0000,-1.2526,0.0004,0.0000,0.0001,1.0000
-0.0476,0.00,0.0000,4.8708,0.0000,359.9904,0.0006,-0.0008,0.0000,-1.4289,0.0004,0.0000,0.0002,1.0000
-0.0276,0.00,0.0000,4.8387,0.0000,359.9880,0.0008,-0.0010,0.0000,-1.6046,0.0005,0.0000,0.0002,1.0000
-0.0076,0.00,0.0000,4.8032,0.0001,359.9854,0.0009,-0.0012,0.0000,-1.7796,0.0005,0.0000,0.0003,1.0000
0.0124,0.00,0.0000,4.7641,0.0001,359.9826,0.0011,-0.0015,-0.0001,-1.9539,0.0006,0.0000,0.0003,1.0000
0.0324,0.00,0.0000,4.7215,0.0001,359.9795,0.0013,-0.0018,-0.0001,-2.1276,0.0006,0.0000,0.0004,1.0000
0.0524,0.00,0.0000,4.6755,0.0001,359.9762,0.0015,-0.0020,-0.0001,-2.3007,0.0007,0.0000,0.0004,1.0000
0.0724,0.00,0.0000,4.6261,0.0001,359.9727,0.0017,-0.0023,-0.0001,-2.4731,0.0007,0.0000,0.0005,1.0000
0.0924,0.00,0.0000,4.5732,0.0001,359.9689,0.0020,-0.0027,-0.0001,-2.6449,0.0008,0.0000,0.0005,1.0000
0.1124,0.00,0.0000,4.5168,0.0001,359.9648,0.0022,-0.0030,-0.0001,-2.8160,0.0008,0.0000,0.0006,1.0000
0.1324,0.00,0.0000,4.4571,0.0002,359.9606,0.0025,-0.0034,-0.0001,-2.9866,0.0009,0.0000,0.0007,1.0000
0.1524,13.97,0.0000,4.3940,0.0002,359.9561,0.0028,-0.0038,-0.0001,-3.1564,0.0009,0.0000,0.0008,1.0000
0.1724,13.97,0.0000,4.3275,0.0002,359.9514,0.0031,-0.0042,-0.0001,-3.3257,0.0010,0.0001,0.0008,1.0000
0.1924,13.97,0.0000,4.2576,0.0002,359.9466,0.0034,-0.0046,-0.0001,-3.4943,0.0010,0.0001,0.0009,1.0000
0.2124,13.97,0.0000,4.1843,0.0002,359.9414,0.0037,-0.0050,-0.0001,-3.6623,0.0010,0.0001,0.0010,1.0000
0.2324,13.97,0.0000,4.1077,0.0003,359.9361,0.0041,-0.0055,-0.0001,-3.8297,0.0011,0.0001,0.0011,1.0000
0.2524,13.97,0.0000,4.0278,0.0003,359.9306,0.0044,359.9940,-0.0001,-3.9964,0.0011,0.0001,0.0012,1.0000
0.2724,13.97,0.0000,3.9446,0.0003,359.9248,0.0048,359.9935,-0.0001,-4.1626,0.0012,0.0001,0.0013,1.0000
0.2924,13.97,0.0000,3.8580,0.0003,359.9189,0.0052,359.9930,-0.0001,-4.3281,0.0012,0.0001,0.0014,1.0000
0.3124,13.97,0.0000,3.7681,0.0004,359.9128,0.0056,359.9925,-0.0001,-4.4930,0.0012,0.0001,0.0015,1.0000
0.3324,13.97,0.0000,3.6750,0.0004,359.9064,0.0060,359.9919,-0.0001,-4.6573,0.0013,0.0001,0.0016,1.0000
0.3524,13.97,0.0000,3.5786,0.0004,359.8999,0.0064,359.9914,-0.0001,-4.8210,0.0013,0.0001,0.0017,1.0000
0.3724,13.97,0.0000,3.4789,0.0004,359.8932,0.0068,359.9908,-0.0001,-4.9841,0.0013,0.0001,0.0019,1.0000
0.3924,13.97,0.0000,3.3759,0.0005,359.8863,0.0072,359.9902,-0.0001,-5.1466,0.0014,0.0001,0.0020,1.0000
0.4124,13.97,0.0000,3.2698,0.0005,359.8792,0.0077,359.9896,-0.0001,-5.3085,0.0014,0.0001,0.0021,1.0000
0.4324,13.97,0.0000,3.1604,0.0005,359.8719,0.0082,359.9890,-0.0001,-5.4697,0.0014,0.0001,0.0022,1.0000
0.4524,13.97,0.0000,3.0478,0.0005,359.8644,0.0086,359.9883,-0.0001,-5.6304,0.0015,0.0002,0.0024,1.0000
0.4724,13.97,-0.0001,2.9320,0.0006,359.8568,0.0091,359.9877,-0.0001,-5.7905,0.0015,0.0002,0.0025,1.0000
0.4924,13.97,-0.0001,2.8130,0.0006,359.8490,0.0096,359.9870,-0.0001,-5.9500,0.0015,0.0002,0.0026,1.0000
0.5124,13.97,-0.0001,2.6908,0.0006,359.8410,0.0101,359.9863,-0.0001,-6.1089,0.0016,0.0002,0.0028,1.0000
0.5324,13.97,-0.0001,2.5654,0.0007,359.8329,0.0107,359.9856,-0.0001,-6.2672,0.0016,0.0002,0.0029,1.0000
0.5524,13.97,-0.0001,2.4369,0.0007,359.8245,0.0112,359.9849,-0.0001,-6.4250,0.0016,0.0002,0.0031,1.0000
0.5724,13.97,-0.0001,2.3053,0.0007,359.8160,0.0118,359.9842,-0.0001,-6.5821,0.0017,0.0002,0.0032,1.0000
0.5924,13.97,-0.0001,2.1705,0.0008,359.8074,0.0123,359.9834,-0.0002,-6.7387,0.0017,0.0002,0.0034,1.0000
0.6124,13.97,-0.0001,2.0326,0.0008,359.7986,0.0129,359.9827,-0.0002,-6.8947,0.0017,0.0002,0.0035,1.0000
0.6324,13.97,-0.0001,1.8916,0.0008,359.7897,0.0135,359.9819,-0.0002,-7.0501,0.0017,0.0002,0.0037,1.0000
0.6524,13.97,-0.0001,1.7475,0.0009,359.7805,0.0140,359.9811,-0.0002,-7.2049,0.0018,0.0002,0.0038,1.0000
0.6724,13.97,-0.0001,1.6004,0.0009,359.7713,0.0146,359.9803,-0.0002,-7.3591,0.0018,0.0003,0.0040,1.0000
0.6924,13.97,-0.0001,1.4501,0.0010,359.7619,0.0152,359.9795,-0.0002,-7.5128,0.0018,0.0003,0.0042,1.0000
0.7124,13.97,-0.0001,1.2968,0.0010,359.7523,0.0159,359.9787,-0.0002,-7.6659,0.0018,0.0003,0.0043,1.0000
0.7324,13.97,-0.0001,1.1404,0.0010,359.7426,0.0165,359.9778,-0.0002,-7.8185,0.0019,0.0003,0.0045,1.0000
0.7524,13.97,-0.0001,0.9810,0.0011,359.7328,0.0171,359.9770,-0.0002,-7.9705,0.0019,0.0003,0.0047,1.0000
0.7724,13.97,-0.0001,0.8186,0.0011,359.7228,0.0178,359.9761,-0.0002,-8.1219,0.0019,0.0003,0.0048,1.0000
0.7924,13.97,-0.0001,0.6531,0.0011,359.7127,0.0184,359.9753,-0.0002,-8.2728,0.0019,0.0003,0.0050,1.0000
0.8124,13.97,-0.0001,0.4846,0.0012,359.7025,0.0191,359.9744,-0.0002,-8.4231,0.0020,0.0003,0.0052,1.0000
0.8324,13.97,-0.0001,0.3132,0.0012,359.6921,0.0198,359.9735,-0.0002,-8.5728,0.0020,0.0003,0.0054,1.0000
0.8524,13.97,-0.0001,0.1387,0.0013,359.6816,0.0204,359.9726,-0.0002,-8.7220,0.0020,0.0004,0.0056,1.0000
0.8724,13.97,-0.0001,-0.0387,0.0013,359.6710,0.0211,359.9717,-0.0002,-8.8706,0.0020,0.0004,0.0057,1.0000
0.8924,13.97,-0.0002,0.0375,0.0011,359.9343,0.0219,-0.0057,0.0081,-0.0841,0.0045,0.0004,0.0011,1.0000
0.9124,13.97,-0.0001,0.0527,0.0011,359.9870,0.0228,-0.0013,-0.0022,0.0918,-0.0019,0.0004,0.0002,1.0000
0.9324,13.97,-0.0002,0.0559,0.0012,-0.0026,0.0221,0.0019,-0.0027,0.0641,-0.0008,0.0004,0.0000,1.0000
0.9524,13.97,-0.0002,0.0564,0.0012,-0.0005,0.0220,0.0004,-0.0003,0.0000,0.0001,0.0004,0.0000,1.0000
0.9724,13.97,-0.0002,0.0565,0.0012,-0.0001,0.0219,0.0001,-0.0001,-0.0002,-0.0001,0.0004,0.0000,1.0000
0.9924,13.97,-0.0002,0.0565,0.0012,0.0000,0.0219,0.0000,0.0000,0.0000,0.0000,0.0004,0.0000,1.0000
1.0124,13.97,-0.0002,0.0566,0.0012,0.0000,0.0219,-0.0001,0.0000,0.0000,0.0000,0.0004,0.0000,1.0000
1.0324,13.97,-0.0002,0.0566,0.0012,0.0000,0.0219,0.0000,0.0000,0.0000,0.0000,0.0004,0.0000,1.0000
